ticker,Jumlah,Kategori,Nama,Pengendali,Persentase
AALI,340510927.0,Lebih dari 5%,PT Astra International Tbk,True,17.69
ABBA,1592831618.0,Lebih dari 5%,PT Beyond Media,True,57.81
ABDA,1.0,Lebih dari 5%,Bank of Singapore Ltd A/C MApfre Internacional SA,True,62.33
ABMM,285447300.0,Lebih dari 5%,"Bank Julius Baer Co Ltd, Singapore S/A",False,10.368
ACES,10284900000.0,Lebih dari 5%,PT KAWAN LAMA SEJAHTERA,True,59.97
ACST,350700000.0,Lebih dari 5%,PT Karya Supra Perkasa,True,50.1
ADES,539896713.0,Lebih dari 5%,"Water Partners Bottling, SA",True,91.52
ADFO,,,,,
ADHI,1816046624.0,Lebih dari 5%,Negara Republik Indonesia,True,51.0
ADMF,920700000.0,Lebih dari 5%,PT Bank Danamon Indonesia Tbk,True,92.07
ADMG,405356593.0,Lebih dari 5%,PT Satya Mulia Gema Gemilang,False,10.0
ADRO,14045425500.0,Lebih dari 5%,PT Adaro Strategic Investment,True,43.91
AGAR,450000000.0,Lebih dari 5%,PT Indo Kreasi Pratama,True,45.0
AGII,766665000.0,Lebih dari 5%,PT Aneka Mega Energi,True,25.0
AGRO,18589384692.0,Lebih dari 5%,PT. Bank Rakyat Indonesia (Persero) Tbk,True,87.1
AGRS,10945711398.0,Lebih dari 5%,Industrial Bank of Korea,True,97.5
AHAP,1827142432.0,Lebih dari 5%,PT ASURANSI CENTRAL ASIA,True,62.15
AIMS,11059600.0,Lebih dari 5%,Effendi Leman,False,5.03
AISA,300275155.0,Lebih dari 5%,TROPHY INVESTORS I LTD,False,6.27
AKKU,4786183000.0,Lebih dari 5%,PT Eka Mandiri Anugerah Sejahtera,True,74.21
AKPI,92133534.0,Lebih dari 5%,PT Nawa Panduta,True,13.55
AKRA,2392626120.0,Lebih dari 5%,PT Arthakencana Rayatama,True,59.6
AKSI,665699750.0,Lebih dari 5%,PT Batulicin Enam Sembilan Transportasi,True,92.46
ALDO,855877869.0,Lebih dari 5%,PT Golden Arista International,True,77.81
ALKA,70427500.0,Lebih dari 5%,PT. Gesit Alumas,False,14.0
ALMI,35068704.0,Lebih dari 5%,PT Maspion,True,5.69
ALTO,231030512.0,Lebih dari 5%,"PT Trimegah Sekuritas Indonesia, Tbk",False,10.54
AMAG,388000000.0,Lebih dari 5%,PT. BANK PANIN Tbk,False,7.76
AMAN,3158500000.0,Lebih dari 5%,PT Griya Prima Amanda,True,81.54
AMAR,2410530000.0,Lebih dari 5%,Tolaram Group Inc.,True,30.0
AMFG,193240400.0,Lebih dari 5%,AGC Inc.,True,44.53
AMIN,630638300.0,Lebih dari 5%,"Sphere Corporation, SDN, BHD",True,58.39
AMOR,667060000.0,Lebih dari 5%,Ashmore Investment Management Limited,True,60.04
AMRT,21819948710.0,Lebih dari 5%,PT SIGMANTARA ALFINDO,True,52.55
ANDI,699970000.0,Lebih dari 5%,PT ANUGERAH PERKASA SEMESTA,True,7.486
ANJT,1370050012.0,Lebih dari 5%,PT Memimpin Dengan Nurani,True,40.846
ANTM,15619999999.0,Lebih dari 5%,PT INDONESIA ASAHAN ALUMINIUM (PERSERO),True,65.0
APEX,1826774058.0,Lebih dari 5%,PT Aserra Capital,True,68.7
APIC,4928709805.0,Lebih dari 5%,PT Pan Pacific Investama,True,41.89
APII,60146480.0,Lebih dari 5%,Low Yew Lean,True,5.59
APLI,801304000.0,Lebih dari 5%,PT MACO AMANGRAHA,True,58.8
APLN,18777785148.0,Lebih dari 5%,PT Indofica,True,82.724
ARGO,34727500.0,Lebih dari 5%,The Ning King,False,10.35
ARII,462467000.0,Lebih dari 5%,Abdi Andre,True,15.42
ARKA,1046250000.0,Lebih dari 5%,PT Arkha Tanto Prima,True,52.31
ARMY,1842368800.0,Lebih dari 5%,PT Mandiri Mega Jaya,True,20.457
ARNA,1030000000.0,Lebih dari 5%,PT Suprakreasi Eradinamika,True,14.03
ARTA,396173600.0,Lebih dari 5%,Lucas,True,88.69
ARTI,2591776837.0,Lebih dari 5%,PT Ratu Prabu,True,33.058
ARTO,4087378125.0,Lebih dari 5%,PT Metamorfosis Ekosistem Indonesia,True,37.65
ASBI,123522776.0,Lebih dari 5%,PT. Srihana Utama,True,35.46
ASDM,140796900.0,Lebih dari 5%,PT EQUITY DEVELOPOMENT INVESTMENT TBKE,True,73.3
ASGR,1036752580.0,Lebih dari 5%,PT Astra International Tbk.,True,76.87
ASII,20288255040.0,Lebih dari 5%,Jardine Cycle & Carriage Limited,True,50.11
ASJT,464365700.0,Lebih dari 5%,Dana Pensiun Perkebunan,True,77.39
ASMI,11618500.0,Lebih dari 5%,PT.MEGA INTI SUPRA,True,0.13
ASPI,349995000.0,Lebih dari 5%,PT Andalan Sakti Inti,True,51.39
ASRI,2533816364.0,Lebih dari 5%,PT Manunggal Prime Development,True,12.9
ASRM,64822190.0,Lebih dari 5%,SYAHRIL,True,27.69
ASSA,651400000.0,Lebih dari 5%,PT DAYA ADICIPTA MUSTIKA,False,19.17
ATIC,664387148.0,Lebih dari 5%,PT Artha Investama Jaya,True,35.434
AUTO,3855786337.0,Lebih dari 5%,PT ASTRA INTERNATIONAL Tbk,True,80.0
AYLS,298380000.0,Direksi,Akam,True,34.96
BABP,12774624614.0,Lebih dari 5%,MNC Kapital Indonesia Tbk,True,50.43
BACA,988230000.0,Lebih dari 5%,PT Delta Indo Swakarsa,False,13.98
BAJA,146000000.0,Lebih dari 5%,Soediarto Soerjoprahono,True,8.11
BALI,2348950000.0,Lebih dari 5%,PT Kharisma Cipta Towerindo     ,True,59.7
BAPA,120000000.0,Lebih dari 5%,PT Papua Timber Jaya ,False,18.13
BAPI,2250675350.0,Lebih dari 5%,PT. GRHA AGUNG PROPERTINDO,False,40.25
BATA,65646200.0,Lebih dari 5%,BP2S Singapore,False,5.05
BAYU,41241370.0,Lebih dari 5%,BANK OF SINGAPORE LIMITED-2048834001,False,11.68
BBCA,13545990000.0,Lebih dari 5%,PT Dwimuria Investama Andalan,True,54.94
BBHI,3084461000.0,Lebih dari 5%,PT Hakimputra Perkasa,True,73.71
BBKP,3816380581.0,Lebih dari 5%,PT. Bosowa Corporindo,True,23.395
BBLD,1112584069.0,Lebih dari 5%,PT SARI DASA KARSA,True,67.6
BBMD,3658020000.0,Lebih dari 5%,PT Mestika Benua Mas,True,89.44
BBNI,11189193875.0,Lebih dari 5%,Negara Republik Indonesia,True,60.0
BBRI,70000000000.0,Lebih dari 5%,Negara Republik Indonesia,True,56.75
BBRM,1600000000.0,Lebih dari 5%,NAM CHEONG PIONEER SDN BHD,True,29.8
BBSI,452150000.0,Lebih dari 5%,PT Sun Antarnusa Investment,False,17.18
BBSS,3499950000.0,Lebih dari 5%,PT Agung Alam Anugrah,True,72.9156
BBTN,6354000000.0,Lebih dari 5%,Negara Republik Indonesia,True,60.0
BBYB,1340760958.0,Lebih dari 5%,PT GOZCO CAPITAL,True,20.13
BCAP,21228044760.0,Lebih dari 5%,PT MNC Investama Tbk,True,53.79
BCIC,8679045483.0,Lebih dari 5%,"J Trust Co., Ltd.",True,86.685
BCIP,327284100.0,Lebih dari 5%,PT. Bumi Citra Investindo,True,22.89
BDMN,9038053192.0,Lebih dari 5%,"MUFG Bank, Ltd (secara langsung dan tidak langsung)",True,92.47
BEEF,980670046.0,Lebih dari 5%,PT Tigatunggal Adimulya,True,52.04
BEKS,32697547684.0,Lebih dari 5%,PT. Banten Global Development,True,51.0
BELL,5692500000.0,Lebih dari 5%,PT Trisula International Tbk,True,78.52
BESS,2695947180.0,Lebih dari 5%,PT Batulicin Enam Sembilan Transportasi,True,79.29
BEST,3600700800.0,Lebih dari 5%,PT Argo Manunggal Land Development,True,37.32
BFIN,6835249660.0,Lebih dari 5%,TRINUGRAHA CAPITAL & CO SCA,False,42.81
BGTG,3336410000.0,Lebih dari 5%,PT Equity Development Investment Tbk,True,29.86
BHAT,2700000000.0,Lebih dari 5%,PT Nasional Niaga Abadi,True,54.0
BHIT,13238835716.0,Lebih dari 5%,HT Investment Development Ltd,True,19.74
BIKA,200912700.0,Lebih dari 5%,Go Hengky Setiawan,True,33.92
BIMA,526475716.0,Lebih dari 5%,PT. GOLDEN LESTARI,True,86.56
BINA,593387750.0,Lebih dari 5%,DBS BANK LTD S/A LTSL AS TRUSTEE OF NS FINANCIAL FUND,False,10.49
BIPI,13646680813.0,Lebih dari 5%,PT INDOTAMBANG PERKASA,True,30.53
BIPP,3595072195.0,Lebih dari 5%,Safire Capital PTE Ltd,True,71.49
BIRD,145744700.0,Lebih dari 5%,Indra Priawan Djokosoetono ,True,5.8
BISI,930000000.0,Lebih dari 5%,PT Agrindo Pratama,True,31.0
BJBR,3756415785.0,Lebih dari 5%,PEMDA PROVINSI JAWA BARAT,True,38.18
BJTM,7676913648.0,Lebih dari 5%,Pemda Tingkat I Provinsi Jawa Timur,True,51.127
BKDP,2600000000.0,Lebih dari 5%,PT. ADHIBALARAJA ,False,35.0
BKSL,35338370746.0,Lebih dari 5%,PT. SAKTI GENERASI PERDANA,True,52.68
BKSW,18900786704.0,Lebih dari 5%,Qatar National Bank (Q.P.S.C.),True,92.48
BLTA,0.0,Lebih dari 5%,Citibank Singapore S/A CBSG-CDP-Indonesia,False,0.0
BLTZ,349574856.0,Lebih dari 5%,Coree Capital Limted,False,40.0
BLUE,102500000.0,Lebih dari 5%,Herman Tansri,True,24.52
BMAS,2755359197.0,Lebih dari 5%,PT Alim Investindo,True,62.01
BMRI,28000000000.0,Lebih dari 5%,Negara Republik Indonesia,True,60.0
BMSR,823199832.0,Lebih dari 5%,Chance Stand Finance Limited ,True,71.01
BMTR,7480817500.0,Lebih dari 5%,"MNC INVESTAMA TBK, PT",True,49.99
BNBA,1050000000.0,Lebih dari 5%,PT Surya Husada Investment,True,45.45
BNBR,7087227300.0,Lebih dari 5%,FOUNTAIN CITY INVESTMENT LTD,False,33.97
BNGA,22991336581.0,Lebih dari 5%,CIMB Group Sdn Bhd,True,91.48
BNII,34312479550.0,Lebih dari 5%,SORAK FINANCIAL HOLDINGS PTE LTD ,True,45.0205
BNLI,24991429332.0,Lebih dari 5%,Bangkok Bank Public Company Limited,True,89.12
BOGA,0.0,Lebih dari 5%,PT Delta Indo Swakarsa,False,0.0
BOLA,1307252520.0,Lebih dari 5%,Pieter Tanuri,True,21.79
BOLT,1350000000.0,Lebih dari 5%,PT Garuda Multi Investama ,True,57.6
BOSS,346035986.0,Lebih dari 5%,PT Megah Prakarsa Utama ,True,24.72
BPFI,1324988580.0,Lebih dari 5%,"Batavia Prosperindo Internasional,PT",True,74.33
BPII,268290000.0,Lebih dari 5%,Gold Star Investment Pte. Ltd.,False,47.72
BPTR,96227100.0,Lebih dari 5%,PT Victoria Insurance Tbk,False,6.21
BRAM,25231500.0,Lebih dari 5%,PT RISJADSON SURYATAMA,False,5.61
BRIS,7092761655.0,Lebih dari 5%,PT Bank Rakyat Indonesia (Persero) Tbk,True,73.0
BRMS,6748830800.0,Lebih dari 5%,PT Bumi Resources Tbk,True,9.5
BRNA,534252162.0,Lebih dari 5%,PT Dwi Satrya Utama,True,54.57
BRPT,67389605970.0,Lebih dari 5%,PRAJOGO PANGESTU,True,72.16
BSDE,6461120464.0,Lebih dari 5%,PT Paraga Arta Mida,False,30.52
BSIM,10150092040.0,Lebih dari 5%,PT. SINARMAS MULTIARTHA Tbk,True,58.13
BSSR,1308280674.0,Lebih dari 5%,PT WAHANA SENTOSA CEMERLANG,True,50.001
BSWD,1055488000.0,Lebih dari 5%,Bank Of India,True,76.0
BTEK,0.0,Lebih dari 5%,Golden Harvest Cocoa Ltd,False,0.0
BTEL,5000439000.0,Lebih dari 5%, PT MAHINDO AGUNG SENTOSA,False,13.6
BTON,575000000.0,Lebih dari 5%,GWIE GUNAWAN,True,79.86
BTPN,7532311297.0,Lebih dari 5%,Sumitomo Mitsui Banking Corporation,True,92.43
BTPS,5392590000.0,Lebih dari 5%,PT Bank BTPN Tbk,True,70.0
BUDI,1401271833.0,Lebih dari 5%,PT Budi Delta Swakarya,True,31.1463
BUKK,1124928000.0,Lebih dari 5%,PT Denaya Cakra Cipta,True,42.6
BULL,688645038.0,Lebih dari 5%,"CRED SUISSE AG,DUB BR-CL SEC-OMNIBUS NON-TR ACC-2051204002",False,5.811
BUMI,14845151178.0,Lebih dari 5%,HSBC-FUND SVS A/C CHENGDONG ,True,22.023
BUVA,1702818712.0,Lebih dari 5%,PT ASIA LEISURE NETWORK,True,25.0
BVIC,4240989642.0,Lebih dari 5%,PT Victoria Investama Tbk,True,47.38
BWPT,11886121516.0,Lebih dari 5%,PT Rajawali Capital Internasional,True,37.7
BYAN,1798731400.0,Lebih dari 5%,DATO'            DR LOW TUCK KWONG,True,53.96
CAKK,356200000.0,Lebih dari 5%,PT Marissi Idola Sumber Sejahtera,True,29.602
CAMP,4940010100.0,Lebih dari 5%,Sabana Prawirawidjaja,True,83.94
CANI,300038400.0,Lebih dari 5%,PT Cipta Nusantara Abadi,True,36.0
CARE,23249999999.0,Lebih dari 5%,PT Anugrah Kasih Rajawali,True,69.924
CARS,2310060048.0,Lebih dari 5%,PT Ahabe Niaga Selaras,True,15.4
CASA,0.0,Lebih dari 5%,VANKO INVESTMENT LIMITED,False,0.0
CASH,348124440.0,Lebih dari 5%,Tee Teddy Setiawan,True,24.3784
CASS,451830800.0,Lebih dari 5%,SATS Investment (II) Pte Ltd,False,21.65
CBMF,1270000000.0,Lebih dari 5%,PT Richiwa Sakti Indonesia,True,68.0
CCSI,392267136.0,Lebih dari 5%,PT Grahatama Kreasibaru,True,39.22
CEKA,517771000.0,Lebih dari 5%,PT Sentratama Niaga Indonesia,True,87.02
CENT,13037113868.0,Lebih dari 5%,Clover Universal Enterprise Ltd,True,41.808
CFIN,2051421264.0,Lebih dari 5%,PT. BANK PAN INDONESIA,True,51.48
CINT,702170000.0,Lebih dari 5%,PT Tritirta Inti Mandiri,True,70.217
CITA,2459357798.0,Lebih dari 5%,PT Harita Jayaraya,True,62.099
CITY,2778947000.0,Lebih dari 5%,PT Sentul City Tbk,True,51.44
CLAY,1998750000.0,Lebih dari 5%,PT Citra Putra Mandiri,True,77.77
CLEO,6694900000.0,Lebih dari 5%,PT Tancorp Global  Abadi,True,55.79
CLPI,20364500.0,Lebih dari 5%,CHANDRA NATALIE WIDJAJA,False,6.6477
CMNP,1982538261.0,Lebih dari 5%,BP2S SG/BNP PARIBAS  WEALTH MANAGEMENT SINGAPORE BRANCH,False,54.75
CMPP,5252540000.0,Lebih dari 5%,PT Fersindo Nusaperkasa,True,49.16
CNKO,862427925.0,Lebih dari 5%,PT Saibatama Internasional Mandiri,True,9.63
CNTX,23941000.0,Lebih dari 5%,PT. Prospect Motor,False,12.0
COCO,251600000.0,Lebih dari 5%,PT Inter Jaya Corpora,True,44.91
COWL,395470500.0,Lebih dari 5%,Earvin Limited,False,8.12
CPIN,9106385410.0,Lebih dari 5%,PT Charoen Pokphand Indonesia Group,True,55.53
CPRI,1732500000.0,Lebih dari 5%,PT RDW Global Investasi d/h PT Indigo Super Mekani,True,71.2
CPRO,7751901498.0,Lebih dari 5%,UOB Kay Hian Pte Ltd ,False,13.01
CSAP,1427059424.0,Lebih dari 5%,PT BUANATATA ADISENTOSA,True,32.009
CSIS,748000000.0,Lebih dari 5%,PT Andalan Utama Bintara,True,57.23
CSMI,458200000.0,Lebih dari 5%,Lisa Mucthar,True,56.15
CSRA,779000000.0,Lebih dari 5%,PT Sapta Sawit Lestari,True,38.0
CTBN,268000000.0,Lebih dari 5%,VALLOUREC TUBES,True,33.48
CTRA,9794373998.0,Lebih dari 5%,PT Sang Pelopor,True,52.77
CTTH,86472558.0,Lebih dari 5%,Advance Capital Ltd,True,7.03
DADA,4995000000.0,Lebih dari 5%,PT Karya Permata Inovasi Indonesia,True,69.6
DART,1492409134.0,Lebih dari 5%,HARTADI ANGKOSUBROTO,False,47.51
DAYA,1788029003.0,Lebih dari 5%,TOTAL ALLIANCE HOLDINGS LIMITED,True,73.869
DEAL,754871800.0,Lebih dari 5%,PT Bimada Paramita Adhyana,True,66.64
DEFI,143756666.0,Lebih dari 5%,"Intan Sakti Wiratama, PT",True,20.92
DEWA,3815217000.0,Lebih dari 5%,Goldwave Capital Limited,False,17.458
DFAM,134032800.0,Lebih dari 5%,Reksa Dana Narada Saham Indonesia,False,7.1
DGIK,516534000.0,Lebih dari 5%,Rezeki Segitiga Emas,False,9.32
DIGI,95070400.0,Lebih dari 5%,Iwa Sukresno Karunia,False,29.25
DILD,1555077500.0,Lebih dari 5%,CGS-CIMB Securities (Singapore) Pte ltd ,True,15.0
DIVA,150000000.0,Lebih dari 5%,PT 1 Inti Dot Com,True,21.0
DKFT,4090642050.0,Lebih dari 5%,PT Jinsheng Mining,True,72.55
DLTA,467061150.0,Lebih dari 5%,SAN MIGUEL MALAYSIA,True,58.33
DMAS,12049527800.0,Lebih dari 5%,Sojitz Corporation ,True,25.0
DMMX,1688597700.0,Lebih dari 5%,PT NFC Indonesia Tbk.,True,21.95
DMND,2093177530.0,Lebih dari 5%,Kenneth Chen,False,22.11
DNAR,8210618230.0,Lebih dari 5%,APRO Financial Co. Ltd,True,92.5
DNET,5581931400.0,Lebih dari 5%,Hannawell Group Limited,False,39.35
DOID,3264000000.0,Lebih dari 5%,Northstar Tambang Persada Ltd.,False,37.866
DPNS,18899111.0,Lebih dari 5%,Siang Hadi Widjaja,False,5.707
DPUM,1982034500.0,Lebih dari 5%,PT Pandawa Putra Investama,True,47.47
DSFI,1286896450.0,Lebih dari 5%,PT.MARINA BERKAH INVESTAMA,False,69.29
DSNG,575367500.0,Lebih dari 5%,ANDRIANTO OETOMO,False,5.43
DSSA,461552320.0,Lebih dari 5%,PT Sinar Mas Tunggal,True,59.9
DUCK,260076590.0,Lebih dari 5%,PT Asia Kuliner Sejahtera,True,20.2658
DUTI,1638372332.0,Lebih dari 5%,PT Bumi Serpong Damai Tbk,True,88.56
DVLA,1031800912.0,Lebih dari 5%, Blue Sphere Singapore PTE LTD,True,92.0
DWGL,0.0,Lebih dari 5%,PT Energi Batubara Indonesia,False,0.0
DYAN,1816581378.0,Lebih dari 5%,PT Teletransmedia,True,42.51
EAST,1687175550.0,Lebih dari 5%,Khalid Bin Omar Abdat,True,40.89
ECII,341250000.0,Lebih dari 5%,PT Graha Surya Kirana,True,25.57
EKAD,552393420.0,Lebih dari 5%,"EKADHARMA INTI PERKASA, PT,",True,79.05
ELSA,1087407500.0,Lebih dari 5%,Dana Pensiun Pertamina,False,14.899
ELTY,2227645000.0,Lebih dari 5%,INTERVENTURES CAPITAL PTE. LTD,False,5.12
EMDE,2237018320.0,Lebih dari 5%,PT Cosmopolitan Persada Developments,True,66.78
EMTK,1405156497.0,Lebih dari 5%,Eddy K. Sariaatmadja,True,24.9
ENRG,898278476.0,Lebih dari 5%,UBS AG SG S/A REIGNWOOD INTER INVESTMENT (GR) CO LTD-2091144561,False,8.686
ENVY,470000000.0,Lebih dari 5%,Jonathan Tan Kwan Nyan,True,26.11
ENZO,1482600000.0,Lebih dari 5%,PT Tritunggal Sukses Investama,True,62.56
EPAC,800000000.0,Lebih dari 5%,PT Omni Multi Industrindo,False,24.22
EPMT,2504801795.0,Lebih dari 5%,PT Kalbe Farma Tbk,True,92.47
ERAA,1738996040.0,Lebih dari 5%,PT Eralink International,True,54.51
ERTX,1229841092.0,Lebih dari 5%,PT Ungaran Sari Garments,True,95.59
ESIP,354400000.0,Lebih dari 5%,PT Tanindo Omega Pasifik,True,55.37
ESSA,3617900000.0,Lebih dari 5%,PT TRINUGRAHA AKRAYA SEJAHTERA,True,25.3
ESTA,429500000.0,Lebih dari 5%,PT Esta Utama Corpora ,True,0.0
ESTI,1751033353.0,Lebih dari 5%,PT Cahaya Interkontinental,False,86.89
ETWA,211353700.0,Lebih dari 5%,Watervale Worldwide Inc,False,21.83
EXCL,7092656612.0,Lebih dari 5%,Axiata Investments (Indonesia) Sdn. Bhd.,True,66.25
FAST,0.0,Lebih dari 5%,"HSBC-Fund Services, ARISAIG ASIA CONSUMER FD LTD",False,0.0
FASW,1368663916.0,Lebih dari 5%,SCGP SOLUTIONS (SINGAPORE) PTE. LTD,True,55.23
FILM,3804486800.0,Lebih dari 5%,PT MD Global Media,True,40.0
FINN,965750000.0,Lebih dari 5%,PT Inti Sukses Danamas,True,44.13
FIRE,531203000.0,Lebih dari 5%,Aris Munandar,True,36.0
FISH,50000000.0,Lebih dari 5%,PT Caturkartika Perdana,True,10.42
FITT,180000000.0,Lebih dari 5%,PT Gloria Inti Nusantara,True,30.0
FMII,1270000000.0,Lebih dari 5%,PT Surya Mega  Investindo ,True,46.67
FOOD,499999000.0,Lebih dari 5%,PT Super Capital Indonesia,True,76.92
FORU,415222000.0,Lebih dari 5%,KARYA CITRA PRIMA,True,89.25
FORZ,242795319.0,Lebih dari 5%,PT Forza Indonesia,False,12.24
FPNI,5148902750.0,Lebih dari 5%,Lotte Chemical Titan International Sdn. Bhd.,True,92.5
FREN,79779942154.0,Lebih dari 5%,Global Nusa Data PT,True,36.6
FUJI,794000000.0,Lebih dari 5%,Indovalue Capital Asset,True,61.08
GAMA,2403000000.0,Lebih dari 5%,PT GADING INVESTMENT,True,24.0
GDST,8035093922.0,Lebih dari 5%,GWIE GUNAWAN,True,86.94
GDYR,348500000.0,Lebih dari 5%,The Goodyear Tire & Rubber,True,85.0
GEMA,1195885000.0,Lebih dari 5%,PT VIRUCCI INDOGRIYA SARANA,True,74.74
GEMS,3941166500.0,Lebih dari 5%,Golden Energy and Resources Limited,True,66.9998
GGRM,1333146800.0,Lebih dari 5%,PT. SURYADUTA INVESTAMA,True,69.29
GGRP,2345623000.0,Lebih dari 5%,Limiwaty Lie,True,19.3671
GGST,,,,,
GHON,198395080.0,Lebih dari 5%,Rudolf Parningotan Nainggolan,False,36.072
GIAA,15670777621.0,Lebih dari 5%,Negara Republik Indonesia ,True,60.54
GJTL,1724972443.0,Lebih dari 5%,DENHAM PTE LTD,True,49.5
GLOB,996552500.0,Lebih dari 5%,PT TRIKOMSEL OKE TBK,True,89.69
GLVA,1114553800.0,Lebih dari 5%,PT Elsiscom Prima Karya,False,74.3
GMFI,25156058796.0,Lebih dari 5%,PT Garuda Indonesia (Persero) Tbk.,True,89.1
GMTD,33000000.0,Lebih dari 5%,"Makassar Permata Sulawesi PT, Jakarta",False,32.5
GOLD,166624127.0,Lebih dari 5%,PT TRIMEGAH SEKURITAS INDONESIA TBK,False,13.05
GOLL,2800618400.0,Lebih dari 5%,PT Jom Prawarsa Indonesia,True,76.42
GOOD,1588455300.0,Lebih dari 5%,PT Tudung Putra Putri Jaya Tbk.,True,21.52
GPRA,365135700.0,Lebih dari 5%,MAJOR INTELLIGENCE LIMITED,False,8.54
GREN,2500000000.0,Lebih dari 5%,Natural Crystal Holding Inc,False,53.26
GRHA,35776.0,Lebih dari 5%,Yayasan Wakaf Bangun Nurani Bangsa,False,24.0
GSMF,5051396464.0,Lebih dari 5%,Equity Global Int. Limited,True,67.76
GTBO,,,,,
GWSA,4387657776.0,Lebih dari 5%,PT Prima Permata Sejahtera,True,56.25
GZCO,470418000.0,Lebih dari 5%,Prajogo Pangestu,False,7.84
HADE,202800000.0,Lebih dari 5%,Dana Pensiun Karyawan Panin Bank,False,9.566
HDFA,2430707293.0,Lebih dari 5%,Tiara Marga Trakindo,False,39.87
HDIT,1001000000.0,Lebih dari 5%,PT. Davest Investama Mandiri,True,65.65
HDTX,707071700.0,Lebih dari 5%,GOLD GAZELLE PROFITS CORP ,False,19.63
HEAL,217162300.0,Lebih dari 5%,Non Widjaja Kusuma,True,7.304
HELI,398300000.0,Lebih dari 5%,PT Startel Communication,True,48.63
HERO,2660194960.0,Lebih dari 5%,MULGRAVE CORPORATION B.V. ,False,63.59
HEXA,408180000.0,Lebih dari 5%,Hitachi Construction Machinery Co. Ltd.,True,48.59
HITS,3232699113.0,Lebih dari 5%,PT Humpuss,False,45.52
HKMU,1944900000.0,Lebih dari 5%,PT Hyamn Sukses Abadi,True,60.37
HMSP,107594221125.0,Lebih dari 5%,"PHILIP MORRIS INDONESIA, PT -",True,92.5
HOKI,1571428570.0,Lebih dari 5%,PT Buyung Investama Gemilang,True,65.9
HOME,0.0,Lebih dari 5%,Benny Tjokrosaputro,False,0.0
HOMI,409500000.0,Lebih dari 5%,PT Graha Mulia Indotama,True,65.0
HOTL,1971753200.0,Lebih dari 5%,PT Tiara Realty,True,55.54
HRME,4666990000.0,Lebih dari 5%,PT Wijaya Wisesa Realty,True,78.3216
HRTA,3262530000.0,Lebih dari 5%,PT TERANG ANUGRAH ABADI,True,70.84
HRUM,2157274800.0,Lebih dari 5%,PT Karunia Bara Perkasa,True,79.792
IATA,937365000.0,Lebih dari 5%,PT Catur Pratama Sejahtera,False,8.76
IBFN,835634253.0,Lebih dari 5%,PT Intraco Penta Tbk,True,55.07
IBST,835970196.0,Lebih dari 5%,PT Bakti Taruna Sejati,True,61.88
ICBP,9391678000.0,Lebih dari 5%,PT INDOFOOD SUKSES MAKMUR Tbk,True,80.53
ICON,233333300.0,Lebih dari 5%,"Dr. Ir. Frans Bambang Siswanto, MM.",True,21.41
IDPR,1697104106.0,Lebih dari 5%,Manuel Djunako,True,84.73
IFII,4800200000.0,Lebih dari 5%,PT Adrindo Intiperkasa,True,51.0
IFSH,867000000.0,Lebih dari 5%,PT Fajar Mining Resources,True,40.8
IGAR,772112420.0,Lebih dari 5%,PT Kingsford Holdings,True,79.42
IIKP,2117686040.0,Lebih dari 5%,PT. Maxima Agro Industri,True,6.3
IKAI,3039545810.0,Lebih dari 5%,PT Mahkota Properti Indo,False,22.844
IKAN,279360000.0,Lebih dari 5%,PT Berkah Delapan Samudera,True,33.52
IKBI,1128486000.0,Lebih dari 5%,"Sumitomo Electric Industries, Ltd.",True,92.2
IMAS,1976765774.0,Lebih dari 5%,Gallant Venture Ltd,True,49.49
IMJS,7959422871.0,Lebih dari 5%,1.PT Indomobil Sukses International Tbk,True,91.97
IMPC,2203852954.0,Lebih dari 5%,PT Tunggal Jaya Investama,False,45.6
INAF,2499999999.0,Lebih dari 5%,PT Bio Farma (Persero),True,80.664
INAI,67282400.0,Lebih dari 5%,Haiyanto,False,10.62
INCI,29989381.0,Lebih dari 5%,Robert Tanmizi,True,15.291
INCO,5835607960.0,Lebih dari 5%,Vale Canada Limited,True,58.73
INDF,4396103450.0,Lebih dari 5%,FIRST PACIFIC INVESTMENT MANAGEMENT LTD,True,50.07
INDO,586040000.0,Lebih dari 5%,Ibrahim Soemedi,False,13.6
INDR,163600000.0,Lebih dari 5%,PT. Irama Investama,True,25.0
INDS,578210207.0,Lebih dari 5%,INDOPRIMA GEMILANG,True,88.11
INDX,246474041.0,Lebih dari 5%,Equatorex Sdn Bhd,True,56.28
INDY,1968882699.0,Lebih dari 5%,PT Indika Inti Investindo,True,37.79
INKP,2913477898.0,Lebih dari 5%,PT Purinusa Ekapersada,True,53.2533
INOV,823499675.0,Lebih dari 5%,PT Hilon Indonesia,True,45.54
INPC,825529472.0,Lebih dari 5%,PT. PUSPITA BISNISPURI,False,5.23
INPP,2012754912.0,Lebih dari 5%,Elysium Investment Partners Ltd,False,18.0
INPS,479118540.0,Lebih dari 5%,PT Surya Perkasa Sentosa,True,73.71
INRU,1283649894.0,Lebih dari 5%,Pinnacle Company Pte. Ltd.,True,92.42
INSA,,,,,
INTA,579054492.0,Lebih dari 5%,Jimmy Halim,False,17.4
INTD,323940000.0,Lebih dari 5%,Peak Aim Depelopment Limited,True,54.74
INTP,1877480863.0,Lebih dari 5%,Birchwood Omnia Ltd.,True,51.0
IPCC,1296144749.0,Lebih dari 5%,PT Pelabuhan Indonesia II,True,71.28
IPCM,4063504600.0,Lebih dari 5%,PT Pelabuhan Indonesia II (Persero),True,76.89
IPOL,1826147210.0,Lebih dari 5%,PT Supernova Flexible Packaging,False,28.34
IPTV,25601076691.0,Lebih dari 5%,PT Global Mediacom Tbk.,True,67.72
IRRA,1116000000.0,Lebih dari 5%,PT Global Dinamika Kencana,True,69.75
ISAT,3532056600.0,Lebih dari 5%,Ooredoo Asia Pte. Ltd,True,65.0
ISSP,4020063930.0,Lebih dari 5%,PT Cakra Bhakti Para Putra,True,55.94
ITIC,66000000.0,Lebih dari 5%,PT Anugerah Investindo Nusantara,True,7.02
ITMA,298598000.0,Lebih dari 5%,Trust Energy Resources Pte Ltd,False,34.3
ITMG,736071000.0,Lebih dari 5%,Banpu Minerals (Singapore) Private Limited,True,65.14
JAST,434078130.0,Lebih dari 5%,PT Persada Inti Sejahtera,True,53.35
JAWA,3019748385.0,Lebih dari 5%,PT SARANA AGRO INVESTAMA,False,79.999
JAYA,110940100.0,Lebih dari 5%,PT Prima Globalindo Logistik,False,30.25
JECC,20430000.0,Lebih dari 5%,FUJIKURA LTD,False,13.51
JGLE,8753037308.0,Lebih dari 5%,PT Surya Global Nusantara,False,38.761
JIHD,306243700.0,Lebih dari 5%,Tomy Winata,False,13.15
JKON,9929587750.0,Lebih dari 5%,PT Pembangunan Jaya,True,60.89
JKSW,,,,,
JMAS,531000000.0,Lebih dari 5%,"Koperasi Simpan Pinjam ""Jasa""",True,53.1
JPFA,6216163616.0,Lebih dari 5%,Japfa Ltd,True,53.01
JRPT,8744075000.0,Lebih dari 5%,PT PEMBANGUNAN JAYA ,True,63.59
JSKY,134100000.0,Lebih dari 5%,Hitachi High Technologies Pte. Ltd,False,6.6
JSMR,5080509840.0,Lebih dari 5%,Negara Republik Indonesia,True,70.0
JSPT,1337239448.0,Lebih dari 5%,PT Jan Darmadi Investindo,True,57.671
JTPE,782397500.0,Lebih dari 5%,PT. JASUINDO MULTI INVESTAMA,True,45.67
KAEF,4999999999.0,Lebih dari 5%,PT BIOFARMA,True,90.025
KARW,470830500.0,Lebih dari 5%,ICTSI Far East Pte Ltd,True,80.19
KAYU,360500000.0,Lebih dari 5%,PT Darbe Putra Makmur,True,54.21
KBAG,4250000000.0,Lebih dari 5%,PT Visi Kota Indonesia,True,59.44
KBLI,1982392237.0,Lebih dari 5%,DENHAM PTE. LTD,True,49.47
KBLM,389000000.0,Lebih dari 5%,PT Tutulan Sukma,True,34.73
KBLV,588167378.0,Lebih dari 5%,PT Reksa Puspita Karya,False,33.76
KBRI,920927523.0,Lebih dari 5%,Quest Corporation,False,10.6
KDSI,317691000.0,Lebih dari 5%,PT. KITASUBUR UTAMA,True,78.44
KEEN,1110920000.0,Lebih dari 5%,PT Paramata Indah Lestari,True,30.3
KEJU,540000000.0,Lebih dari 5%,Lie Po Fung (Jaya),False,36.0
KIAS,13741458453.0,Lebih dari 5%,"SCG Building Materials Co., Ltd.",True,92.04
KICI,120390280.0,Lebih dari 5%,PT Kedawung Subur,True,43.62
KIJA,2352456572.0,Lebih dari 5%,Islamic Development Bank ,False,11.296
KINO,158076100.0,Lebih dari 5%,DBSSG S/A Nusantara FMCG LimitedDBSSG S/A NUSANTARA FMCG LIMITED,False,11.065
KIOS,350300000.0,Lebih dari 5%,PT Artav Mobile Indonesia,True,48.84
KJEN,262500000.0,Lebih dari 5%,PT Grafindo Karya Nusantara,True,52.5
KKGI,398287500.0,Lebih dari 5%,UBS AG SINGAPORE NON-TREATY OMNIBUS ACCOUNT - 2091144090 ,False,7.97
KLBF,4023373640.0,Lebih dari 5%,"Bina Artha Charisma, PT",True,8.58
KMDS,609523811.0,Lebih dari 5%,PT Miki Ojisan Indomitra,True,76.19
KMTR,2464609474.0,Lebih dari 5%,PT Triputra Persada Megatara,False,30.0
KOBX,2009350000.0,Lebih dari 5%,PT Kobexindo Investama,True,88.42
KOIN,888836488.0,Lebih dari 5%,SCG Distribution Company Limited,True,90.62
KONI,97520000.0,Lebih dari 5%,PT. Dasabina Adityasarana,True,64.16
KOPI,508001397.0,Lebih dari 5%,PT MULYA TARA MANDIRI,True,72.86
KOTA,7666000000.0,Lebih dari 5%,PT DMS Investama,True,73.0
KPAL,212867000.0,Lebih dari 5%,Eddy Kurniawan Logam,True,19.91
KPAS,215000000.0,Lebih dari 5%,Marting Djapar,True,27.99
KPIG,15725026164.0,Lebih dari 5%,UOB Kay Hian Hong Kong Ltd ,False,19.5
KRAH,697540000.0,Lebih dari 5%,PT Sutardja Dinamika Cipta,True,71.82
KRAS,15477117520.0,Lebih dari 5%,Negara Republik Indonesia,True,80.0
KREN,2951400334.0,Lebih dari 5%,PT Kresna Prima Invest,True,16.21
LAND,1029853200.0,Lebih dari 5%,PT Graha Mulia Indotama,True,36.88
LAPD,322438500.0,Lebih dari 5%,Nany Indrawaty Sutanto,True,8.13
LCGP,398150.0,Lebih dari 5%,YAYASAN KESEHATAN BANK MANDIRI,False,7.072
LCKM,625220200.0,Lebih dari 5%,PT LCK Investama Prima Indonesia,True,62.53
LEAD,1295019000.0,Lebih dari 5%,Alstonia Offshore Pte. Ltd.,True,31.98
LIFE,262500000.0,Lebih dari 5%,PT Sinar Mas Multiartha Tbk.,False,12.5
LINK,798969286.0,Lebih dari 5%,PT First Media Tbk.,False,27.9
LION,150060000.0,Lebih dari 5%,LION HOLDINGS (PTE) LTD,True,28.85
LMAS,403260050.0,Lebih dari 5%,Itek Bachtiar,True,51.18
LMPI,179313291.0,Lebih dari 5%,PT LANGGENG BAHAGIA,True,17.78
LMSH,24527000.0,Lebih dari 5%,LION HOLDINGS PTE LTD ,True,25.549
LPCK,2085811178.0,Lebih dari 5%,"KEMUNING SATIATAMA, PT",True,77.84
LPGI,29697500.0,Lebih dari 5%,PT Star Pacific Tbk,False,19.8
LPIN,347246400.0,Lebih dari 5%,"MULTIPOLAR,PT,TBK",True,82.0
LPKR,18857156727.0,Lebih dari 5%,PT Inti Anugerah Pratama ,True,26.59
LPLI,667237809.0,Lebih dari 5%,PT Inti Anugerah Pratama,True,57.01
LPPF,509992000.0,Lebih dari 5%,PT Multipolar Tbk,False,19.42
LPPS,1747636749.0,Lebih dari 5%,PT Inti Anugerah Pratama,True,67.52
LRNA,199999998.0,Lebih dari 5%,PT Lorena,True,57.14
LSIP,4058425010.0,Lebih dari 5%,PT Salim Ivomas Pratama Tbk,True,59.48
LTLS,853432000.0,Lebih dari 5%,PT Caturkarsa  Megatunggal,True,54.7
LUCK,208998900.0,Lebih dari 5%,Caroline Himawati Hidajat,True,29.2
MABA,2329493800.0,Lebih dari 5%,PT Saligading Bersama,True,15.16
MAGP,4500000000.0,Lebih dari 5%,PT Santika Griya Persada,True,50.0
MAIN,1282143142.0,Lebih dari 5%,DRAGON AMITY PTE LTD,True,57.27
MAMI,0.0,Lebih dari 5%,PT SENTRATAMA KENCANA,True,0.0
MAPA,1962299080.0,Lebih dari 5%,PT Mitra Adiperkasa Tbk.,True,68.843
MAPB,1717197138.0,Lebih dari 5%,PT Mitra Adiperkasa Tbk.,True,79.1
MAPI,8466000000.0,Lebih dari 5%,PT Satya Mulia Gema Gemilang,True,51.0
MARI,546883062.0,Lebih dari 5%,PT Mahaka Media,False,10.41
MARK,2995238555.0,Lebih dari 5%,Tecable (HK) Co Limited,True,78.82
MASA,9149766702.0,Lebih dari 5%,SOCGEN SA COMPAGNIE GENERALE DES ETABLISSEMENTS MICHELIN,True,99.64
MAYA,499321426.0,Lebih dari 5%,Unity Rise Limited,False,7.31
MBAP,368181600.0,Lebih dari 5%,"Idemitsu Kosan Co., Ltd",False,30.0
MBSS,449441414.0,Lebih dari 5%,UBS AG SINGAPORE S/A CHINA NAVIGATION,False,25.682
MBTO,714999990.0,Lebih dari 5%,PT MARTHANA MEGAHAYU INTI,True,66.82
MCAS,157095200.0,Lebih dari 5%,PT 1 Inti Dot Com,False,18.1
MCOR,22751563707.0,Lebih dari 5%,CHINA CONSTRUCTION BANK CORPORATION,True,60.0
MDIA,35293863400.0,Lebih dari 5%,PT Visi Media Asia Tbk.,True,89.99
MDKA,2948833595.0,Lebih dari 5%,PT Mitra Daya Mustika,False,13.466
MDKI,1702236500.0,Lebih dari 5%,PT Emde Industri Investama,True,67.3
MDLN,932515707.0,Lebih dari 5%,AA LAND PTE LTD,True,7.44
MDRN,1608446427.0,Lebih dari 5%,BUKIT HEDAMA PERMAI,True,21.07
MEDC,8959891262.0,Lebih dari 5%,PT MEDCO DAYA ABADI LESTARI,True,50.0
MEGA,4040231622.0,Lebih dari 5%,PT. Mega Corpora,True,58.018
MERK,331483000.0,Lebih dari 5%,Merck Holding GmbH,True,74.0
META,13220263850.0,Lebih dari 5%,"Metro Pacific Tollways Indonesia, PT",True,74.65
MFIN,134000000.0,Lebih dari 5%,Alex Hendrawan,True,5.05
MFMI,499919900.0,Lebih dari 5%,PT SURYA CIPTA INVESTAMA,True,65.99
MGNA,70500000.0,Lebih dari 5%,PT. GMT Investama Mandiri,False,7.028
MGRO,1991490100.0,Lebih dari 5%,PT Mahkota Global Investama,True,56.0281
MICE,268833618.0,Lebih dari 5%,PT Buana Graha Utama,True,44.81
MIDI,2499552500.0,Lebih dari 5%,"Sumber Alfaria Trijaya, Tbk PT",True,86.72
MIKA,8812954200.0,Lebih dari 5%,PT Griyainsani Cakrasadaya,True,61.86
MINA,835766100.0,Lebih dari 5%,Edy Suwarno,True,12.73
MIRA,462105014.0,Lebih dari 5%,"Intikencana Pranajati,PT",True,11.67
MITI,689870383.0,Lebih dari 5%,Interra Resources Limited,False,48.87
MKNT,2306297562.0,Lebih dari 5%,Monjess Investama PT,True,46.13
MKPI,449861650.0,Lebih dari 5%,PT Karuna Paramita propertindo,True,47.44
MLBI,1723151000.0,Lebih dari 5%,HEINEKEN INTERNATIONAL B.V.,True,81.78
MLIA,548347064.0,Lebih dari 5%,EKA GUNATAMA MANDIRI,True,41.45
MLPL,11430066906.0,Lebih dari 5%,Inti Anugerah Pratama,True,78.08
MLPT,1630250000.0,Lebih dari 5%,PT Multipolar Tbk.,True,87.0
MMLP,1436535900.0,Lebih dari 5%,PT MEGA MANDIRI PROPERTI,True,20.852
MNCN,6967133504.0,Lebih dari 5%,PT Global Mediacom Tbk,True,55.94
MOLI,1199634393.0,Lebih dari 5%,PT Cropsco Panen Indonusa,True,51.38
MPMX,303338347.0,Lebih dari 5%,Claris Investments Pte. Ltd.,False,6.797
MPOW,457517641.0,Lebih dari 5%,Bina Puri Power Sdn. Bhd.,True,56.0
MPPA,1298439000.0,Lebih dari 5%,DBS Bank Ltd S/A  PT Multipolar Tbk,True,17.0
MPRO,3380000000.0,Lebih dari 5%,Jonathan Tahir,True,33.995
MRAT,305002000.0,Lebih dari 5%,PT Mustika Ratu Investama,True,71.262
MREI,106012136.0,Lebih dari 5%,PT GRAHA SENTOSA PERSADA,True,20.47
MSIN,3641999990.0,Lebih dari 5%,PT Media Nusantara Citra Tbk,True,70.08
MSKY,9163740798.0,Lebih dari 5%,PT MNC Vision Networks Tbk,True,91.9
MTDL,178082900.0,Lebih dari 5%,Sukarto Bujung,False,7.253
MTFN,6720000000.0,Lebih dari 5%,Express Profitable Investment ,True,21.104
MTLA,2809801303.0,Lebih dari 5%,PT. METROPOLITAN PERSADA INTERNASIONAL,True,36.7
MTPS,713476000.0,Lebih dari 5%,PT Anugerah Perkasa Semesta,True,34.222
MTRA,594000000.0,Lebih dari 5%,PT Mitra Ditosam Indonesia,True,77.14
MTSM,80396044.0,Lebih dari 5%,PT. Yakin Wiskon,True,34.53
MTWI,241938250.0,Lebih dari 5%,PT Batavia Prosperindo Finance Tbk.,False,15.86
MYOH,312776250.0,Lebih dari 5%,"Low, Tuck Kwong",False,14.18
MYOR,7363121900.0,Lebih dari 5%,UNITA BRANINDO,True,32.93
MYRX,4682557200.0,Lebih dari 5%,PT. ASABRI (Persero),False,5.401
MYTX,5814374802.0,Lebih dari 5%,PT INDAH JAYA INVESTAMA,True,75.05
NASA,4700600000.0,Lebih dari 5%,PT Sinar Cemerlang Jayaraya,True,42.71
NATO,1005000000.0,Lebih dari 5%,PT Sukses Makmur Jayapratama,False,12.561
NELY,1995000000.0,Lebih dari 5%,PT.Haskojaya Abadi,True,84.894
NFCX,101371400.0,Lebih dari 5%,PT Kresna Jubileum Indonesia,False,15.21
NICK,413140600.0,Lebih dari 5%,PT Indovest Central,True,63.44
NIKL,507096150.0,Lebih dari 5%,PT Krakatau Steel (Persero),False,20.1
NIPS,,,,,
NIRO,11321426619.0,Lebih dari 5%,UOB KAY HIAN (HONG KONG) LTD (PLEDGE ACCOUNT),True,51.0
NISP,19521391224.0,Lebih dari 5%,OCBC Overseas Investments Pte. Ltd. - Non Pledged,True,85.08
NOBU,1000000000.0,Lebih dari 5%,PT Kharisma Buana Nusantara,True,22.53
NRCA,1581372800.0,Lebih dari 5%,PT Surya Semesta Internusa TBK ,True,63.35
NUSA,504654000.0,Lebih dari 5%,Yongki Teja,False,6.554
NZIA,758000000.0,Lebih dari 5%,PT Ristia Bintang Mahkota Sejati Tbk. (RBMS),True,34.5
OASA,145183450.0,Lebih dari 5%,PT Indovest Central,True,40.49
OCAP,21843000.0,Lebih dari 5%,HARDJANTO A.,False,8.0
OKAS,918304978.0,Lebih dari 5%,PT Multi Berkat Energi,True,52.0013
OMRE,1146644372.0,Lebih dari 5%,First Pacific Capital Group Limited,True,65.71
OPMS,597900000.0,Lebih dari 5%,PT Asian Perkasa Indosteel,True,59.79
PADI,346009695.0,Lebih dari 5%,Eveline Listijosuputro,True,3.06
PALM,3194909019.0,Lebih dari 5%,PT Saratoga Sentra Business,True,44.875
PAMG,2400000000.0,Lebih dari 5%,Christopher Sumasto Tjia,True,76.8
PANI,110000000.0,Lebih dari 5%,Hendra Hasan Kustardjo,True,26.82
PANR,770964423.0,Lebih dari 5%,PT Panorama Tirta Anugerah,True,64.25
PANS,208800000.0,Lebih dari 5%,PT Bank Pan Indonesia Tbk,False,29.0
PBID,1400000000.0,Lebih dari 5%,PT Alphen Internasional,True,74.67
PBRX,1036857200.0,Lebih dari 5%,PT. Ganda Sawit Utama,False,16.005
PBSA,692354850.0,Lebih dari 5%,PT Ascend Bangun Persada,True,46.157
PCAR,58360000.0,Lebih dari 5%,PT Bahari Istana Alkausar,False,5.002
PDES,450000000.0,Lebih dari 5%,PT.PANORAMA SENTRAWISATA TBK,True,62.94
PEGE,794891400.0,Lebih dari 5%,Hendra H. Kustarjo,True,28.05
PEHA,476901860.0,Lebih dari 5%,PT Kimia Farma Tbk,True,56.774
PGAS,13809038755.0,Lebih dari 5%,PT Pertamina (Persero),True,56.964
PGJO,54218750.0,Lebih dari 5%,Claudia Ingkiriwang,True,17.7
PGLI,228500000.0,Lebih dari 5%,"Alami Lestari Investindo, PT",True,46.82
PGUN,2049180000.0,Lebih dari 5%,PT Araya Agro Lestari,True,41.0
PICO,189533208.0,Lebih dari 5%,PT CITRAJAYA PERKASAMULIA,True,33.346
PJAA,288099999.0,Lebih dari 5%,PT Pembangunan Jaya,True,18.01
PKPK,215710148.0,Lebih dari 5%,Ir. Soerjadi Soedarsono,True,35.95
PLAN,599462500.0,Lebih dari 5%,PT Wahana Tata Bangun,True,67.14
PLAS,85000000.0,Lebih dari 5%,Credit Suisse Securities (Europe) Limited - 94644000,True,7.18
PLIN,3429674130.0,Lebih dari 5%,PT Plaza Indonesia Investama,True,96.61
PMJS,9792000000.0,Lebih dari 5%,PT Pahalamas Sejahtera,True,71.19
PNBN,11089071285.0,Lebih dari 5%,PT. PANIN FINANCIAL Tbk      ,True,46.04
PNBS,12865796875.0,Lebih dari 5%,PT Bank Panin Tbk,True,53.7
PNGO,139000000.0,Lebih dari 5%,Tn. Charles Sutantio,True,17.79
PNIN,1208583000.0,Lebih dari 5%,PT Paninkorp,True,29.71
PNLF,20006483760.0,Lebih dari 5%,PT Paninvest Tbk,True,62.48
PNSE,444396400.0,Lebih dari 5%,PT. ISTANA KUTA RATU PRESTIGE,True,55.7
POLA,2543654899.0,Lebih dari 5%,PT Pool Advista Indonesia Tbk.,True,75.94
POLI,1145000000.0,Lebih dari 5%,Po Sun Kok,True,56.95
POLL,7070001000.0,Lebih dari 5%,PT. Borneo Melawai Perkasa,True,84.99
POLU,599960000.0,Lebih dari 5%,PT Profashion Apparel,False,79.99
POLY,1443805382.0,Lebih dari 5%,Damiano Investments BV,True,57.85
POOL,0.0,Lebih dari 5%,.,False,0.0
PORT,2084075127.0,Lebih dari 5%,PT Episenta Utama Investasi,True,74.1
POSA,5683860000.0,Lebih dari 5%,PT Bintang Baja Hitam,True,67.7548
POWR,4285064945.0,Lebih dari 5%,PT Pentakencana Pakarperdana,True,26.64
PPGL,599500000.0,Lebih dari 5%,Darmawan Suryadi SM,True,79.93
PPRE,7871480000.0,Lebih dari 5%,PT PP (Persero) Tbk ,True,76.99
PPRO,40063119098.0,Lebih dari 5%,PT PP (Persero) Tbk,True,64.96
PRAS,379043478.0,Lebih dari 5%,ENMARU INTERNATIONAL,True,54.07
PRDA,534375000.0,Lebih dari 5%,PT Prodia Utama,True,57.0
PRIM,2190480000.0,Lebih dari 5%,dr. I Nyoman Ehrich Lister,True,64.58
PSAB,24475500000.0,Lebih dari 5%,Jimmy Budiarto,True,92.5
PSDN,689744545.0,Lebih dari 5%,PT. PRASIDHA,True,47.9
PSGO,1600000000.0,Lebih dari 5%,Budiono Tanbun,False,8.49
PSKT,1104675000.0,Lebih dari 5%,Crio,False,11.0
PSSI,2466063800.0,Lebih dari 5%,PT Indoprima Marine,True,45.524
PTBA,7595650695.0,Lebih dari 5%,"INDONESIA ASAHAN ALUMINIUM (PERSERO), PT",True,65.93
PTIS,450165300.0,Lebih dari 5%,Straits Corporation Pte. Ltd.,True,81.8236
PTPP,3161947836.0,Lebih dari 5%,NEGARA REPUBLIK INDONESIA,True,51.0
PTPW,316500000.0,Lebih dari 5%,Ir. Paulus Kurniawan Koesoemowidagdo,True,36.04
PTRO,704014200.0,Lebih dari 5%,PT Indika Energy Tbk,True,69.801
PTSN,3532500000.0,Lebih dari 5%,Abidin,True,66.47
PTSP,12946320.0,Lebih dari 5%,BANK OF SINGAPORE LIMITED-2048834001,False,5.86
PUDP,73895508.0,Lebih dari 5%,Lenawati Pudjiadi ,False,22.42
PURA,1081215000.0,Lebih dari 5%,PT Igelcorp Nusantara Capital,True,20.32
PURE,989900000.0,Lebih dari 5%,PT Trinitan Resourcetama Indonesia,True,74.24
PURI,768000000.0,Lebih dari 5%,PT Bumi Kreasi Baru,True,76.8
PWON,33077598400.0,Lebih dari 5%,PAKUWON ARTHANIAGA,True,68.68
PYFA,254736579.0,Lebih dari 5%,REJUVE GLOBAL INVESTMENT PTE LTD,True,47.6072
PZZA,1957933250.0,Lebih dari 5%,PT Sriboga Raturaya,True,64.79
RAJA,440512000.0,Lebih dari 5%,Johan Lensa,False,10.42
RALS,3965000000.0,Lebih dari 5%,"RAMAYANA MAKMURSENTOSA, PT",False,55.88
RANC,118278000.0,Lebih dari 5%,PT Eka Putri Mandiri,False,7.56
RBMS,1378060918.0,Lebih dari 5%,Richard Wiriahardja,True,51.88
RDTX,101496200.0,Lebih dari 5%,PT. GENO TATAGRAHA,True,37.76
REAL,3099480000.0,Lebih dari 5%,PT Enam Berlian Sinergi,True,46.73
RELI,1556887135.0,Lebih dari 5%,PT Reliance Capital Management,True,86.49
RICY,84095500.0,Lebih dari 5%,Denzin International Ltd,False,13.1
RIGS,490597000.0,Lebih dari 5%,Scomi Marine Services PTE-LTD,True,80.541
RIMO,4769888939.0,Lebih dari 5%,NBS Clients,False,10.581
RISE,8449990000.0,Lebih dari 5%,PT Tancorp Global Sentosa,True,84.92
RMBA,33662737802.0,Lebih dari 5%,British American Tobacco (2009 PCA),True,92.5
ROCK,387499998.0,Komisaris,Po Sun Kok,True,27.0
RODA,3603968900.0,Lebih dari 5%,Nio Yantony,True,26.5151
RONY,550000000.0,Lebih dari 5%,PT Nakula Investama Indonesia,True,44.0
ROTI,1594467000.0,Lebih dari 5%,PT. INDORITEL MAKMUR INTERNASIONAL TBK,False,25.77
RUIS,212018700.0,Lebih dari 5%,Haiyanto,False,27.53
SAFE,478004115.0,Lebih dari 5%,PT Infiniti Wahana,True,77.7069
SAME,4241000000.0,Lebih dari 5%,PT Omni Health Care,True,71.88
SAMF,3806250000.0,Lebih dari 5%,PT Saraswanti Utama,True,74.27
SAPX,398000000.0,Lebih dari 5%,Budiyanto Darmastono,True,47.8
SATU,456250000.0,Lebih dari 5%,PT Kota Satu Indonesia,True,36.5
SBAT,1699950000.0,Lebih dari 5%,Tan Heng Lok,True,80.0
SCCO,61000000.0,Lebih dari 5%,PT TUTULAN SUKMA,True,29.67
SCMA,9020667128.0,Lebih dari 5%,PT Elang Mahkota Teknologi Tbk,True,61.05
SCNP,1125005660.0,Lebih dari 5%,PT Sena Dwimakmur,True,56.25
SCPI,2325350.0,Lebih dari 5%,Merck Sharp & Dohme Corp,True,64.593
SDMU,409654244.0,Lebih dari 5%,Tjoe Mien Sasminto,True,36.08
SDPC,935541534.0,Lebih dari 5%,Pharmaniaga International Corporation Sdn. Bhd.,True,73.43
SDRA,631785585.0,Lebih dari 5%,Arifin Panigoro,False,9.6
SFAN,976936930.0,Lebih dari 5%,PT Surya Fajar Corpora (d/h PT Bumi Tirta Rahayu),True,71.84
SGER,914000000.0,Lebih dari 5%,PT Sumbermas Inti Energi,True,54.93
SGRO,1267217500.0,Lebih dari 5%,Sampoerna Agri Resources PTE LTD,True,67.0
SHID,883951142.0,Lebih dari 5%,"EMPU SAHID HOLDING INTERNATIONAL, PT",True,78.972
SHIP,1219790000.0,Lebih dari 5%,PT Goldenheaven Prima Investama,True,44.85
SIDO,12150000000.0,Lebih dari 5%,PT. Hotel Candi Baru,True,81.0
SILO,761771685.0,Lebih dari 5%,"MEGAPRATAMA KARYA PERSADA, PT.",True,46.86
SIMA,25808000.0,Lebih dari 5%,"YUANTA SECURITIES INDONESIA, PT",False,5.832
SIMP,1035306400.0,Lebih dari 5%,PT Indofood Sukses Makmur Tbk,False,6.55
SINI,274250000.0,Lebih dari 5%,Hendra Hasan Kustarjo,True,60.71
SIPD,1157472265.0,Lebih dari 5%,PT GREAT GIANT PINEAPPLE,True,86.44
SKLT,184980375.0,Lebih dari 5%,OMNISTAR INVESTMENT HOLDINGS LIMITED ,True,26.79
SKRN,350000000.0,Lebih dari 5%,Yafin Tandiono Tan,True,23.33
SKYB,45250000.0,Lebih dari 5%,Syailendra Capital PT,False,7.73
SLIS,1425000000.0,Lebih dari 5%,PT Selis Investama Indonesia,True,71.25
SMAR,2653897571.0,Lebih dari 5%,"PURIMAS SASMITA, PT",True,92.4
SMBR,913172000.0,Lebih dari 5%,Asuransi Jiwasraya,False,9.194
SMCB,7533148888.0,Lebih dari 5%,PT Semen Indonesia Industri Bangunan,True,98.307
SMDM,765354406.0,Lebih dari 5%,Far East Holding Ltd,False,16.04
SMDR,465332060.0,Lebih dari 5%,PT. Ngrumat Bondo Utomo,False,14.21
SMGR,3025406000.0,Lebih dari 5%,Negara Republik Indonesia,True,51.01
SMKL,2722500000.0,Lebih dari 5%,PT Satyamitra Investindo Pratama,True,80.07
SMMA,3255000000.0,Lebih dari 5%,Bank of Singapore Ltd S/A Sinarmas Cakrawala 2048834005,True,51.1176
SMMT,1242156695.0,Lebih dari 5%,PT Mutiara Timur  Pratama,True,39.4335
SMRA,4873915914.0,Lebih dari 5%,PT SEMAROP AGUNG,True,33.78
SMRU,6537292419.0,Lebih dari 5%,"PT Trada Alam Minera, Tbk",True,52.301
SMSM,3347263708.0,Lebih dari 5%,PT Adrindo Inti Perkasa,True,58.13
SOCI,5640000000.0,Lebih dari 5%,PT Soechi Group,True,79.9
SOFA,625000000.0,Lebih dari 5%,Hardy Satya,True,37.88
SOHO,487080805.0,Komisaris,Eng Liang Tan,True,38.38
SONA,38181700.0,Lebih dari 5%,TAHIR,False,11.53
SOSS,169250000.0,Lebih dari 5%,PT Nusantara Suryamukti,True,25.8
SOTS,99000000.0,Lebih dari 5%,Vonny Kristiani,False,9.9
SPMA,665700897.0,Lebih dari 5%,PT. Gloriajaya Gempita,True,31.48
SPOT,0.0,Lebih dari 5%,PT Sofyan Reksagraha,True,0.0
SPTO,810000000.0,Lebih dari 5%,PT Multifortuna Asindo,True,30.0
SQMI,14417015171.0,Lebih dari 5%,Wilton Resources Holding Pte. Ltd.,True,92.79
SRAJ,1155288461.0,Lebih dari 5%,BNYM SA/NV AS CUST OF MINOT LIGHT APAC LTD.- 2039845843,False,9.63
SRIL,12072841076.0,Lebih dari 5%,PT Huddleston Indonesia,False,59.0
SRSN,851685910.0,Lebih dari 5%,BUDHI BERSAUDARA MANUNGGAL,False,14.15
SRTG,583565429.0,Lebih dari 5%,Sandiaga Salahuddin Uno,True,21.51
SSIA,369188000.0,Lebih dari 5%,PT Persada Capital Investama,False,7.85
SSMS,5570430600.0,Lebih dari 5%,PT Citra Borneo Indah,True,58.0
SSTM,403560681.0,Lebih dari 5%,SUNDJONO SURIADI,False,34.47
STAR,1544925000.0,Lebih dari 5%,PT Premium Indonesia,True,32.19
STTP,743600500.0,Lebih dari 5%,PT. SHINDO TIARA TUNGGAL,True,56.76
SUDI,,,,,
SUGI,2857994407.0,Lebih dari 5%,Goldenhill Energy Fund ,True,11.52
SULI,226099600.0,Lebih dari 5%,Deddy Hartawan Jamin,False,5.67
SUPR,290228868.0,Lebih dari 5%,Cahaya Anugerah,False,25.51
SURE,959340000.0,Lebih dari 5%,PT Super Capital Indonesia,True,64.1
SWAT,2331450000.0,Lebih dari 5%,PT Sumber Makmur Lumintu,True,77.22
TAMA,792000100.0,Lebih dari 5%,Alex Widjaja,True,79.2
TAMU,29999900000.0,Lebih dari 5%,PT Andalan Lepas Pantai,True,80.0
TARA,1514019800.0,Lebih dari 5%,PT Surya Buana Makmur ,True,15.0355
TAXI,1094310000.0,Lebih dari 5%,"Rajawali Corpora, PT",False,17.81
TBIG,7643825970.0,Lebih dari 5%,"WAHANA ANUGERAH SEJAHTERA, PT",True,33.737
TBLA,1499929596.0,Lebih dari 5%,PT Sungai Budi,True,28.08
TBMS,155820000.0,Lebih dari 5%,THE FURUKAWA ELECTRIC  CO.LTD,True,42.42
TCID,22858260.0,Lebih dari 5%,PT Asia Jaya Paramita,False,11.36
TCPI,2749999994.0,Lebih dari 5%,PT Sari Nusantara Gemilang,True,55.0
TDPM,7602265670.0,Lebih dari 5%,DH Corporation Ltd (dahulu bernama Royal Chemie Corporation Limited),True,72.5
TEBE,505176210.0,Lebih dari 5%,PT Prima Mineral Utama,True,39.31
TECH,1004500000.0,Lebih dari 5%,PT Indosterling Sarana Investa,True,79.96
TELE,1754641247.0,Lebih dari 5%,PT. PINS Indonesia,False,24.0
TFAS,732914300.0,Lebih dari 5%,PT M Cash Integrasi Tbk,True,43.975
TFCO,1595335024.0,Lebih dari 5%,PT Prospect Motor,True,33.08
TGKA,232707300.0,Lebih dari 5%,PT Widjajatunggal Sejahtera,False,25.3
TGRA,677853800.0,Lebih dari 5%,PT Terregra Asia Equity,True,24.65
TIFA,161955000.0,Lebih dari 5%,PT DWI SATRYA UTAMA,False,15.0
TINS,4841053951.0,Lebih dari 5%,PT INDONESIA ASAHAN ALUMINIUM (PERSERO),True,65.0
TIRA,259426340.0,Lebih dari 5%,PT Widjajatunggal Sejahtera,True,44.12
TIRT,821257310.0,Lebih dari 5%,PT Harita Jayaraya,True,81.17
TKIM,1857744987.0,Lebih dari 5%,PT Purinusa Ekapersada,True,59.6727
TLKM,51602353560.0,Lebih dari 5%,Negara Republik Indonesia,True,52.091
TMAS,4612264780.0,Lebih dari 5%,PT Temas Lestari,True,80.84
TMPO,90439394.0,Lebih dari 5%,Yayasan Pembangunan Jaya Raya,True,8.54
TNCA,115910400.0,Lebih dari 5%,Asetku Ecommerce Limited,False,27.49
TOBA,410800000.0,Lebih dari 5%,"Sinergi Sukses Utama, PT",False,5.1
TOPS,19583844633.0,Lebih dari 5%,PT Totalindo Investama Persada,True,58.76
TOTL,1926650000.0,Lebih dari 5%,PT Total Inti Persada,True,56.5
TOTO,2584908650.0,Lebih dari 5%,SURYAPARAMITRA ABADI,True,25.05
TOWR,26456619965.0,Lebih dari 5%,PT SAPTA ADHIKARI INVESTAMA,True,51.861
TOYS,414089900.0,Direksi,Iwan Tirtha ,True,28.86
TPIA,7469417600.0,Lebih dari 5%,PT Barito Pacific Tbk,True,41.88
TPMA,741247620.0,Lebih dari 5%,PT ASCEND BANGUN PERSADA,False,28.15
TRAM,6465824147.0,Lebih dari 5%,PT Graha Resources,True,13.02
TRIL,173150000.0,Lebih dari 5%,PT HENGTRACO PROTECSINDO,False,14.43
TRIM,3500000000.0,Lebih dari 5%,Advance Wealth Finance Ltd,True,49.23
TRIN,1804000000.0,Lebih dari 5%,PT Kunci Daud Indonesia,True,41.25
TRIO,2859706347.0,Lebih dari 5%,UOB Kay Hian Pte Ltd,False,10.99
TRIS,420000000.0,Lebih dari 5%,"Trisula Insan Tiara, PT",False,13.37
TRJA,681120000.0,Lebih dari 5%,PT Damai Investama Sukses,True,45.101
TRST,502784665.0,Lebih dari 5%,PT.Adilaksa Manunggal,True,17.91
TRUK,279060000.0,Lebih dari 5%,PT Guna Makmur Raya,True,64.15
TRUS,223760000.0,Lebih dari 5%,PT. Artha Capital Indonesia ,True,27.97
TSPC,3670231018.0,Lebih dari 5%,PT BOGAMULIA NAGADI,True,81.56
TUGU,1040000000.0,Lebih dari 5%,PERTAMINA,True,58.5
TURI,2580009000.0,Lebih dari 5%,Jardine Cycle & Carriage Limited,False,46.24
UANG,894396000.0,Lebih dari 5%,PT Sawangan Investasi Indonesia,True,73.92
UCID,2460690846.0,Lebih dari 5%,"Unicharm Corporation, Jepang",True,59.2
ULTJ,2472304260.0,Lebih dari 5%,PT PRAWIRAWIDJAJA PRAKARSA,False,21.4
UNIC,139351604.0,Lebih dari 5%,PT. Aspirasi Luhur,True,36.35
UNIT,16423425.0,Lebih dari 5%,Lenovo Worldwide Corporation,False,21.78
UNSP,273921631.0,Lebih dari 5%,Ernawati Ali,False,10.96
UNTR,2219317358.0,Lebih dari 5%,PT Astra International Tbk,True,59.5
UNVR,32424387500.0,Lebih dari 5%,Unilever Indonesia Holding B.V.,True,84.99
URBN,2401409999.0,Lebih dari 5%,PT Nusa Wijaya Propertindo,True,74.29
VICO,6236500000.0,Lebih dari 5%,PT Gratamulia Pratama,True,68.16
VINS,1065546895.0,Lebih dari 5%,PT Victoria Investama Tbk,True,72.96
VIVA,1982604666.0,Lebih dari 5%,"Raiffeisen Bank International AG, Singapore Branch S/A  PT Bakrie Global Ventura",True,12.04
VOKS,1250000000.0,Lebih dari 5%,DBS VICKERS (HONG KONG) LIMITED A/C CLIENT,False,30.08
VRNA,1425482304.0,Lebih dari 5%,PT. BANK PAN INDONESIA TBK,False,25.06
WAPO,100000000.0,Lebih dari 5%,PT Surya Pelangi Mandiri,False,8.06
WEGE,6633000000.0,Lebih dari 5%,PT Wijaya Karya (Persero) Tbk.,True,69.3
WEHA,124555686.0,Lebih dari 5%,PT. WEHA Investama,False,14.05
WICO,350145665.0,Lebih dari 5%,Djajadi Djaja,True,27.593
WIIM,314446611.0,Lebih dari 5%,Ronald Walla,True,14.97
WIKA,5834850000.0,Lebih dari 5%,Negara Republik Indonesia,True,65.049
WINS,1484926248.0,Lebih dari 5%,PT WINTERMARJAYA LESTARI,True,34.997
WOMF,2386646729.0,Lebih dari 5%,PT Bank Maybank Indonesia Tbk,True,68.5526
WOOD,4298201535.0,Lebih dari 5%,PT Integra Indo Lestari,True,68.158
WOWS,1570673048.0,Lebih dari 5%,PT Ginting Jaya Energi Tbk ,True,63.44
WSBP,15816680599.0,Lebih dari 5%,PT Waskita Karya (Persero) Tbk.,True,60.0
WSKT,8963697887.0,Lebih dari 5%,Negara Republik Indonesia,True,66.036
WTON,5229280000.0,Lebih dari 5%,PT WIjaya Karya (Persero) Tbk,True,60.0
YELO,159850000.0,Lebih dari 5%,PT Agung Inova Teknologi Indonesia,True,42.061
YPAS,597650500.0,Lebih dari 5%,PT Hastagraha Bumipersada,True,89.47
YULE,212464304.0,Lebih dari 5%,PT Gema Buana Indonesia,False,11.9
ZADI,,,,,
ZBRA,546249084.0,Lebih dari 5%,"Infiniti Wahana, PT",True,63.8
ZINC,2988164777.0,Lebih dari 5%,PT Sarana Inti Selaras,True,11.8
ZONE,304560000.0,Lebih dari 5%,Verosito Gunawan,True,35.0
